{
  "epsilon": 0.05,
  "q_table": {
    "tensao_ok|fluidez_low|damage_ok|pred_err_ok|vigilia": {
      "SPEAK": {
        "total_reward": 0.1536,
        "count": 1,
        "mean": 0.1536
      }
    },
    "tensao_ok|fluidez_ok|damage_ok|pred_err_ok|vigilia": {
      "ACT:MEMORY_CONSOLIDATE": {
        "total_reward": -0.5199,
        "count": 11,
        "mean": -0.04726363636363637
      },
      "SPEAK": {
        "total_reward": 0.2924,
        "count": 12,
        "mean": 0.024366666666666665
      }
    },
    "tensao_ok|fluidez_ok|damage_ok|pred_err_ok|introspeccao": {
      "SPEAK": {
        "total_reward": -0.3424,
        "count": 108,
        "mean": -0.0031703703703703703
      },
      "ACT:REQUEST_SLEEP": {
        "total_reward": -0.017400000000000002,
        "count": 2,
        "mean": -0.008700000000000001
      },
      "ACT:SENSE_REFRESH": {
        "total_reward": -0.28590000000000004,
        "count": 3,
        "mean": -0.09530000000000001
      },
      "ACT:MEMORY_CONSOLIDATE": {
        "total_reward": -0.0078,
        "count": 1,
        "mean": -0.0078
      }
    },
    "tensao_ok|fluidez_ok|damage_high|pred_err_ok|introspeccao": {
      "SPEAK": {
        "total_reward": -1.4515,
        "count": 284,
        "mean": -0.005110915492957746
      },
      "ACT:WRITE_NOTE": {
        "total_reward": -0.2193,
        "count": 2,
        "mean": -0.10965
      },
      "ACT:SENSE_REFRESH": {
        "total_reward": -0.1607,
        "count": 2,
        "mean": -0.08035
      }
    },
    "tensao_ok|fluidez_ok|damage_high|pred_err_ok|repouso": {
      "ACT:SENSE_REFRESH": {
        "total_reward": -0.8050999999999999,
        "count": 7,
        "mean": -0.11501428571428571
      },
      "ACT:REQUEST_SLEEP": {
        "total_reward": -0.8105,
        "count": 9,
        "mean": -0.09005555555555556
      },
      "SPEAK": {
        "total_reward": -0.1043,
        "count": 9,
        "mean": -0.01158888888888889
      }
    },
    "tensao_ok|fluidez_ok|damage_high|pred_err_ok|vigilia": {
      "SPEAK": {
        "total_reward": 0.07780000000000001,
        "count": 229,
        "mean": 0.00033973799126637557
      },
      "ACT:MEMORY_CONSOLIDATE": {
        "total_reward": -0.30129999999999996,
        "count": 10,
        "mean": -0.030129999999999997
      },
      "SELF_REGULATE": {
        "total_reward": 0.0019999999999999497,
        "count": 15,
        "mean": 0.00013333333333332998
      },
      "ACT:REQUEST_SLEEP": {
        "total_reward": -0.0103,
        "count": 1,
        "mean": -0.0103
      }
    },
    "tensao_high|fluidez_ok|damage_high|pred_err_ok|vigilia": {
      "ACT:SENSE_REFRESH": {
        "total_reward": -0.40259999999999996,
        "count": 3,
        "mean": -0.13419999999999999
      }
    },
    "tensao_high|fluidez_ok|damage_high|pred_err_ok|introspeccao": {
      "ACT:MEMORY_CONSOLIDATE": {
        "total_reward": -0.0143,
        "count": 1,
        "mean": -0.0143
      }
    },
    "tensao_ok|fluidez_low|damage_high|pred_err_ok|vigilia": {
      "ACT:REQUEST_SLEEP": {
        "total_reward": -0.0558,
        "count": 1,
        "mean": -0.0558
      },
      "REST_REQUEST": {
        "total_reward": 0.1459,
        "count": 1,
        "mean": 0.1459
      },
      "SELF_REGULATE": {
        "total_reward": 0.1473,
        "count": 1,
        "mean": 0.1473
      },
      "SPEAK": {
        "total_reward": 0.018099999999999984,
        "count": 4,
        "mean": 0.004524999999999996
      }
    },
    "tensao_ok|fluidez_low|damage_high|pred_err_ok|introspeccao": {
      "SPEAK": {
        "total_reward": -0.0562,
        "count": 1,
        "mean": -0.0562
      }
    },
    "tensao_ok|fluidez_low|damage_high|pred_err_ok|vigilia|dom_FEAR": {
      "ACT:MEMORY_CONSOLIDATE": {
        "total_reward": -0.1029,
        "count": 1,
        "mean": -0.1029
      }
    },
    "tensao_ok|fluidez_ok|damage_high|pred_err_ok|vigilia|dom_FEAR": {
      "SPEAK": {
        "total_reward": -0.4359,
        "count": 12,
        "mean": -0.036325
      }
    },
    "tensao_ok|fluidez_low|damage_high|pred_err_ok|vigilia|dom_CARE": {
      "SPEAK": {
        "total_reward": -0.0356,
        "count": 1,
        "mean": -0.0356
      }
    },
    "tensao_ok|fluidez_ok|damage_high|pred_err_ok|vigilia|dom_PLAY": {
      "SPEAK": {
        "total_reward": 0.25379999999999997,
        "count": 12,
        "mean": 0.02115
      }
    },
    "tensao_ok|fluidez_ok|damage_high|pred_err_ok|vigilia|dom_CARE": {
      "SPEAK": {
        "total_reward": -0.14189999999999997,
        "count": 3,
        "mean": -0.04729999999999999
      }
    }
  },
  "recent_actions": [
    "SELF_REGULATE",
    "SPEAK",
    "SPEAK",
    "SPEAK",
    "SPEAK",
    "SPEAK",
    "SPEAK",
    "SPEAK",
    "SPEAK",
    "SPEAK"
  ],
  "total_updates": 747
}